,original_glcm_Autocorrelation,original_glcm_ClusterProminence,original_glcm_ClusterShade,original_glcm_ClusterTendency,original_glcm_Contrast,original_glcm_Correlation,original_glcm_DifferenceAverage,original_glcm_DifferenceEntropy,original_glcm_DifferenceVariance,original_glcm_Id,original_glcm_Idm,original_glcm_Idmn,original_glcm_Idn,original_glcm_Imc1,original_glcm_Imc2,original_glcm_InverseVariance,original_glcm_JointAverage,original_glcm_JointEnergy,original_glcm_JointEntropy,original_glcm_MCC,original_glcm_MaximumProbability,original_glcm_SumAverage,original_glcm_SumEntropy,original_glcm_SumSquares,original_glrlm_GrayLevelNonUniformity,original_glrlm_GrayLevelNonUniformityNormalized,original_glrlm_GrayLevelVariance,original_glrlm_HighGrayLevelRunEmphasis,original_glrlm_LongRunEmphasis,original_glrlm_LongRunHighGrayLevelEmphasis,original_glrlm_LongRunLowGrayLevelEmphasis,original_glrlm_LowGrayLevelRunEmphasis,original_glrlm_RunEntropy,original_glrlm_RunLengthNonUniformity,original_glrlm_RunLengthNonUniformityNormalized,original_glrlm_RunPercentage,original_glrlm_RunVariance,original_glrlm_ShortRunEmphasis,original_glrlm_ShortRunHighGrayLevelEmphasis,original_glrlm_ShortRunLowGrayLevelEmphasis,label
1 liver,210.9760316252978,539.1944961632279,-15.324842328755958,6.573812806191086,1.7367573803543692,0.5812766138811819,0.9601910456911911,1.747149144732719,0.8009145889893999,0.6237006631690664,0.593787988661127,0.9967596308018611,0.9612381988961776,-0.11089717746982071,0.6278005499231397,0.49654517235111145,14.483322351582936,0.06920345146990775,4.580120802131631,0.8063438830492348,0.12721076440926693,28.966644703165873,3.1819049272501556,2.0776425466363633,298825.8065895351,0.21230335720484253,2.5318167663262736,210.72527129101942,3.035222811346036,640.4310852872445,0.015015631875605619,0.005080412710715525,3.8908093232226175,744804.7360638329,0.5263016583100654,0.6770989520085522,0.8284453013325367,0.7512637633206931,158.13512351298525,0.003855475050845291,1
1 other organ,1259.1782495039743,2629665.5034746295,3965.8480198617262,1465.0144189979064,8.622086453258667,0.9882978629125684,1.4386588979038104,2.215316383610519,6.482551939822116,0.6223332486275499,0.5912934405206066,0.9991366871605234,0.986255926123049,-0.47462921276404973,0.9944415720021997,0.4238404096580749,29.917875848836065,0.01704639329395506,7.33582927337106,0.9902097199060772,0.06338575460094974,59.835751697672094,5.727005071883701,368.4091263627907,593426.8633297298,0.040318094124798615,358.563910026596,1407.1138784589639,4.102653706530963,4010.5526099454164,0.027247862622311974,0.004604678485818844,6.42894354232972,7727710.4065047335,0.5222588792257811,0.6369884382246984,1.5997886329265891,0.7495690225838387,1113.3598666544237,0.0031305396800761884,0
10 liver,612.7135639522576,200.9726243609143,-8.978648580827535,4.889730768255432,2.275374371947022,0.36394786946388497,1.1171050453408629,1.903688100832665,1.0121234496499758,0.5884842534511292,0.5497251243303649,0.9979275288883849,0.9680846532396962,-0.051306657129915036,0.43884428028726064,0.4856755295104189,24.739843687704766,0.06116927787307246,4.686595043094912,0.5462976419027458,0.13229421908478647,49.479687375409526,3.08732343288244,1.7912762850506136,314761.3747837475,0.20733112252446548,2.291539251989843,610.4874541581468,2.6039615553883286,1598.103955833133,0.004287319099318164,0.0016659073474397323,3.7271232771855525,876119.9656160724,0.5750894061184155,0.7172742206008962,0.6464383901906549,0.7858055605595529,478.78558998014984,0.0013147329813748634,1
10 other organ,922.6031949895671,195026693.0558992,62095.7885577092,1405.0546311855455,28.703666942088994,0.9599097104565584,1.4314414766109473,2.2281433208988157,26.590280787752103,0.6654562048218704,0.634523154875507,0.9999951510365176,0.9993023864962988,-0.4840434065862672,0.9920090109293387,0.3324382314758668,24.052340692131814,0.06156355848233419,6.548518944315595,0.9907393171034666,0.22420276656489715,48.104681384263614,5.077145301141168,358.4395745319086,772534.826066414,0.05270426980278153,279.9634735651305,1258.0140134539856,35.74718976172573,3605.46900188089,32.87880949170001,0.04601306718442285,6.167849622046185,8310590.330714511,0.5649799093941101,0.5483643142309188,32.38625787545182,0.7792206248744348,1019.1163077232076,0.02277704203001463,0
14 liver,494.67355994154974,304.0527203234068,-9.438648049853933,6.115968216514705,1.3458588893067902,0.6366726555840869,0.7926949744695785,1.5889520715775147,0.7052453476348904,0.6731940112294422,0.6536485176134976,0.9985196251960141,0.9749625329822952,-0.1645116176365079,0.7195928861981918,0.4858452813820575,22.21442833973439,0.08102855069928568,4.370511959347874,0.696584802094657,0.16595651981803833,44.42885667946879,3.2186220473590836,1.8654567764553736,259579.6575752871,0.2114659384604099,2.6199453829480035,489.9899176214868,4.13978252949064,2056.5400308502203,0.008442589306445298,0.0020927964629264073,4.157428985496005,571353.3604136264,0.4613926528106745,0.6081938930946227,1.3761372122219706,0.7017359411295362,341.72727912869203,0.001485427290614788,1
14 other organ,706.6923253261074,117006719.44530669,86797.710229597,1661.2102098931293,21.15929843931775,0.9748228572428628,1.127024198976538,1.8860420759673646,19.827481684503898,0.7629122463127843,0.7415561243849553,0.9999961171547008,0.9994507453582465,-0.5367203415641819,0.9903855864822154,0.22426905604845568,17.224379468580562,0.18258755181925979,5.458083126460517,0.9914288109241124,0.42079889220985084,34.44875893716109,4.372172658450001,420.5923770831119,331569.9198162452,0.03745747154161581,398.50917484970665,1288.735193867652,100.16792025257709,4378.836659252758,95.9695692481739,0.08720172024108494,6.700671747367744,4685563.578340196,0.5270535330244154,0.3857502152819076,93.27463639297399,0.7527268901302141,1012.9382953096815,0.03656451043439891,0
16 liver,563.1690914116089,98.09466353091679,-2.030713852102699,3.7384949491950183,2.0790835615993832,0.28478798159455077,1.07013797853615,1.8540640775889656,0.9236841481976905,0.5969982819230224,0.560586313791127,0.9979850335390191,0.9684437241118745,-0.03763040189141048,0.37213996071226574,0.49170540303574567,23.72244064314647,0.06995213926488777,4.469399535146651,0.4777861927202402,0.14310993291300667,47.444881286292926,2.9233751412814044,1.4543946276986002,280185.0429373492,0.22492522649857735,1.8093068536728458,562.5732240750511,2.6822166377576173,1512.1405670817637,0.004798484887285825,0.0018027146069460294,3.608609845812823,708659.4918151267,0.567319160865982,0.7094571218485979,0.684474849760414,0.7808903821366275,438.98833048712163,0.001411613437798915,1
16 other organ,630.0719108470811,3683602.515938964,38547.674808821284,1467.9134468381842,11.657980186967903,0.9842429935214126,1.2842053877886814,2.015119805654596,9.935472268417564,0.7418254847166161,0.7172706502856087,0.9987768241870826,0.9877116863190639,-0.513703614823829,0.9882214350956338,0.23175069023036152,16.309736919763985,0.18645780307680104,5.479709514585726,0.9888362891105095,0.42666940048430607,32.619473839527956,4.303583023543683,369.892856756288,383486.6543254156,0.04182974977944937,330.0273189277929,1166.209338543482,97.93695037878464,2783.7789493195332,95.04482787595659,0.07122588801896887,6.370345403705377,5265821.876037994,0.5726866595556739,0.41476575528268805,92.06461152087364,0.7837291298120957,967.066761497987,0.029897686760020956,0
18 liver,801.8162409897502,385.74862676807686,-20.865269442446195,5.930478215010596,1.8757311264179959,0.5174307155010123,0.9857186306962333,1.783714525367439,0.8904892800555293,0.6197640888018819,0.5889795498223529,0.9986394791463766,0.9746404170954593,-0.09198125780288424,0.575265245108346,0.4946345613981013,28.29845127651982,0.07056341351814323,4.554381266261207,0.6186152920811614,0.13048732525365286,56.596902553039634,3.1333414418915435,1.951552335357148,345809.54532652104,0.21159136632008474,2.7183942486353727,796.1634122440453,3.0299232592592733,2435.5418752459414,0.0038045421732660375,0.0012772426182681871,3.885517155752689,877327.6039151122,0.5341517992667719,0.6797734346310965,0.8419227472212523,0.7573279186491717,600.5958146526965,0.0009739596184265296,1
18 other organ,725.30632742799,3287521.9924506694,23344.688868140354,1516.347964950033,8.373021092138483,0.9890180345625788,1.133286902130243,1.956900014840489,7.043163936155177,0.742452950861293,0.7181483460170477,0.9990978243877062,0.9888830778153324,-0.5322778154038283,0.9907767746165633,0.24632719926337998,18.66312439534396,0.17142697390399822,5.558539285893135,0.9922579432044137,0.4081863035932629,37.32624879068788,4.407360285485337,381.18024651054264,464525.473902953,0.041359597412147724,278.43707171888207,1263.518530549469,111.34667996203763,3410.4378451507246,108.4387757492041,0.05659234682842288,6.396689436120696,6327419.644887628,0.5611020497406185,0.4204802426936105,105.61069821986085,0.7763035212309455,1018.0951424159866,0.024958871237836414,0
19 liver,978.7528785368585,237.60741913371223,-6.347500136077992,4.880336508140359,1.3132244061428642,0.5735911210465255,0.7915964542275998,1.5733146663596285,0.678159570336412,0.6704262128555457,0.6511247786789085,0.9992934344935354,0.9822640061191651,-0.13315882703686036,0.6544014327092291,0.49463016982536046,31.270769279688384,0.09376292480579339,4.16208252202149,0.6883766272912694,0.19509753791601156,62.54153855937677,3.019618103767176,1.548390228570806,293418.9762316499,0.23368623983818665,2.2563097931714355,973.8196714514868,3.9687608801397625,3888.1875046155737,0.004072633265329207,0.0010381331793200472,3.984468335905488,588984.7143602674,0.46607571552575927,0.614610401799191,1.2813414504118243,0.7060009253840676,685.1762959790619,0.0007372902610793507,1
19 other organ,638.5482045005958,188390746.67354584,110323.64369473973,1528.7610242943592,27.571575693096463,0.9645171748309789,1.1493478418001861,1.8772007126873664,26.179782743891117,0.7635218936311813,0.7432481048153806,0.9999953115196892,0.9994406255593571,-0.5440449801838364,0.9912590792171139,0.23166895544544241,16.22499789025376,0.16926746227602066,5.480087920570293,0.990123647337685,0.40264858365382616,32.449995780507564,4.4069499672907035,389.08314999686377,324476.46539892576,0.03880162862089269,394.28229199006114,1197.5487629718273,93.15229016611669,3945.167715104832,88.68649622376378,0.08377906756588348,6.67385870617947,4351149.906411358,0.5179699711317253,0.38752280380128573,86.35614745062011,0.7465159788966164,952.5485384186858,0.03546086849739262,0
2 liver,151.63679118101368,139.90134501033367,-1.5273854526939439,4.893954690515219,2.5064952907569693,0.3212153851448966,1.1849107577863192,1.9596941623637023,1.0870822539482818,0.573341351492292,0.5307067085384518,0.9938740376676669,0.946284203321164,-0.04311177128747333,0.4037657578080652,0.4804064841149585,12.28982213610136,0.055157940729423816,4.8037536237102785,0.4325836382422454,0.11526487314398187,24.579644272202717,3.128565054646873,1.850112495318047,171581.32919147823,0.20121840338979727,2.2939571528417444,151.84809090487863,2.4097602087683194,366.083734509246,0.01664420943570469,0.007101168860045762,3.6933161526329576,510989.99895217404,0.5974760664666752,0.7368579611268442,0.557080449540303,0.8006801653359887,121.47507098791544,0.005747589530915264,1
2 other organ,672.449491325442,2807603.1720947344,22256.817272098906,1410.2930244538277,11.17404951974457,0.9842795839656269,1.326433352709422,2.0971592445716034,9.34369420165576,0.7195220330920269,0.6923178150884894,0.998871239912543,0.9874749091173732,-0.5061954081122402,0.9897068500852421,0.25448116720767483,17.96299943253316,0.14857226282736102,5.788970459485459,0.9895929989504875,0.37902914895923556,35.92599886506641,4.513433311718693,355.3667684933935,389846.2473186067,0.04295430498316096,276.17565302551225,1154.6868936838023,83.58251841313808,2616.9330144008304,80.8159185132673,0.060470034860075995,6.241865438023273,5304205.356504004,0.5825853496075284,0.45207781747209513,78.64372011029027,0.7904504180641754,962.973972259757,0.027421846349190402,0
21 liver,191.53356627886083,161.19476814880343,-10.598134909997334,3.8613818880779816,1.5063548093111594,0.4377550633123895,0.8975637239042447,1.6655301572317687,0.6881405073023104,0.6367920538501377,0.610370044323002,0.9958891969572247,0.9565241454058492,-0.07211409695203007,0.4906858977530949,0.5029141378842331,13.818275979899479,0.08365088116147898,4.1922749024800074,0.6986536436030326,0.17707987993807606,27.636551959798947,2.8856548939860125,1.3419341743472848,531951.6190130321,0.23774873929096166,1.7677761416386994,190.81350301022127,3.2614347212440316,626.8416409065679,0.01743841130245634,0.005494252264065733,3.7172070501313113,1145076.7782015959,0.5086114848354352,0.659698117467214,0.9328881420821096,0.7380462470103454,140.38039301924096,0.004099991081466811,1
21 other organ,763.7331712396814,3027355.3969190274,18499.250559824603,1494.6483952550238,7.539032995630492,0.9899632203665363,1.1277589622431918,1.9300641124285607,6.2144552060239056,0.7057864360048887,0.6853507666830883,0.9991503765733316,0.9886388129376557,-0.5262236136495376,0.9942286549637842,0.3612644996127147,19.797864844167687,0.04832667573048739,6.327491264832004,0.9937544730899674,0.1562901089425891,39.595729688335354,5.140395953741345,375.54685706266383,1592782.0416161518,0.04909754857520853,355.95416284049344,1030.4514701347862,32.24816983814489,3332.345930143493,27.677561180168368,0.12402884458061882,6.500926397741257,15090827.904355772,0.4621199393294266,0.5061645759439423,28.250955100609296,0.7047424080432895,793.688030287735,0.06881276248673224,0
22 liver,177.70884727779062,300.10693915166814,12.112962667383403,5.684672139499046,1.7689890328450757,0.5248852875954155,0.970046475404501,1.7602319791587282,0.8159911959352966,0.6214554854786305,0.5910470469279558,0.9963967688268287,0.9592155991982714,-0.09547172874465173,0.5857743283891333,0.4963265129134491,13.293978018702953,0.07639447514896208,4.470931247501178,0.7087416878994368,0.16666608782719466,26.587956037405906,3.06489518310399,1.8634152930860304,250603.4467490303,0.22116256722116845,2.3333657227052065,178.0351722583942,3.029265081112491,536.2863237511581,0.01771019091534768,0.005954710579087219,3.820694413380478,606839.0303761307,0.5331927536668216,0.6792577118666616,0.8404410286296601,0.7567753060387338,134.82215091537972,0.004543212429028395,1
22 other organ,699.742741015117,2875770.3947557807,20254.626331091917,1427.427254209479,9.604849527657475,0.9866333874189804,1.176871635011388,1.9547300047784484,8.15358231313974,0.7417670094712919,0.719437203163724,0.9990475657328113,0.9889670057323291,-0.539927562488253,0.9921375505286952,0.26022624701016983,18.58189189866214,0.1370495202087136,5.673885787802002,0.9905642958640919,0.358652277672755,37.1637837973243,4.527431634585667,359.2580259342834,490213.7900041934,0.04643796802463534,280.0612174752763,1170.7539993314547,76.29921922208976,3455.929177300885,72.38873861200946,0.05618183540489371,6.420610560004939,5590788.985873209,0.5272245417965074,0.4252337301866105,70.67763862425096,0.7531297833141184,928.2771893520227,0.020777879286840852,0
23 liver,86.57193057966816,19.665602948661416,-0.9659149547119555,1.8781845203566216,0.6124383937891602,0.5077164989281623,0.5173501752616304,1.2041754168840368,0.33958883008189067,0.7564289173725498,0.7508004258246199,0.9969085388889046,0.9659015993256552,-0.13547564181389238,0.5857475782848355,0.4409415709022579,9.2873827884212,0.1683026904862552,3.1267461513564645,0.5736471685404041,0.303205527683328,18.5747655768424,2.439548514743122,0.6226557285364455,528637.2821364376,0.31636044406253333,0.8782160231179355,86.25138044967183,7.443714163535085,643.3559138771384,0.0880478717438958,0.012145851954609564,3.9318892064507276,571006.394395518,0.33627321965641943,0.48124073198614653,2.9281661695467442,0.5849019032700875,50.07895384371432,0.007252189808800263,1
23 other organ,753.8574326313585,3569145.798697963,30054.046508784624,1529.094999401843,7.855986874339953,0.9897779593118006,1.1536790305386382,1.9395146058926604,6.459249682560874,0.7178911084695869,0.698505758046766,0.9991473491333778,0.9886289811732663,-0.5493605178024633,0.9960416464885096,0.33514618028107324,19.327372255272806,0.0436680539962953,6.47724116002718,0.9925082208870506,0.13359097573929873,38.65474451054561,5.314987822887603,384.2377465690452,1263968.247764222,0.04420978645353864,381.40571172768045,951.3760855811245,13.918806752122983,4915.398917312706,2.457585670392973,0.12592338304879355,6.846567040136283,12406168.483689327,0.4306805116441081,0.4791764781230221,9.401305380855923,0.6804976909767027,702.6694681407246,0.061057606107609345,0
24 liver,117.28927185340086,39.319657007394724,-3.098526612252898,1.9118122364290129,0.7293916329796144,0.4467030896184487,0.5727154667271087,1.2938005667650014,0.39591074669759063,0.7375232956967841,0.7290841653401547,0.9967985607093067,0.964768992847424,-0.09493958578264612,0.4976690040587692,0.4551279988479176,10.816359412416723,0.16793770463095664,3.204399443929262,0.688895065165534,0.33284162169567233,21.632718824833447,2.409530685347001,0.6603009673521567,300348.3958424191,0.3044578503910678,0.9610214898158245,116.24248648056339,6.73153384070215,796.2079526192381,0.05784208044901992,0.008960772146253472,3.7897796944496758,384722.87675116374,0.38457454599522667,0.515152388940439,2.8147968407311583,0.6353706090526086,73.344995197462,0.00579357942800469,1
24 other organ,776.1588135887954,3404198.143284756,26513.423108887448,1563.084961141535,9.350237821333867,0.9881077699688235,1.227270877948961,1.9825742867888996,7.7819833652423975,0.7101859589577958,0.6903864336043365,0.9989274046987625,0.9876210974053871,-0.531690379404319,0.9948400026862737,0.3429040332210684,19.69072334792455,0.04435349994211609,6.398099220720517,0.9918298551228304,0.12875119547452513,39.381446695849114,5.212894000585125,393.1087997407172,721039.4086842241,0.04806849492821481,389.4007805819943,1003.7570184089111,12.808122846926864,4369.053284893457,2.3338531734204144,0.12739083691506128,6.6643604157676,6780236.091120697,0.44908528418506866,0.4929285953624371,8.562507227876509,0.695336099090625,759.3061480549811,0.06775769100365175,0
25 liver,127.36179966616598,776.7211940599568,6.833875187936345,2.7240121778787483,0.9180922968258621,0.49472130164140693,0.6527947302059993,1.3904580386416006,0.485498973181763,0.7094954389938481,0.697248549448376,0.9998025635013216,0.9905921750695506,-0.10352431861972008,0.5466943197322761,0.479309071003465,11.265446475399706,0.131229522457887,3.550614741588424,0.7484410470035219,0.25296294395946456,22.530892950799476,2.6191522223098165,0.9105261186761513,614069.0398430817,0.2832112609847154,1.2896076896981012,127.10800202982233,5.166743860511857,657.0711692258147,0.041563281481393544,0.008247190297965785,3.8166120318152754,890520.3649594833,0.4067586725495686,0.5565805684648792,1.8629569543686004,0.6544383379941725,82.8591829135124,0.005478273430349385,1
25 other organ,972.0945583016206,2527458.916661463,-8902.906698502844,1401.54099173936,6.7241863936320545,0.9904490059824325,1.2152835170399798,2.024371415855944,5.183662235023117,0.6682758569446042,0.6448373721965914,0.9993499679102624,0.9885657973690674,-0.5261421289203144,0.9962977711251002,0.40593750916650256,24.967773512744845,0.019913290520678747,6.971852048079675,0.9930567241410593,0.06354570590488905,49.93554702548967,5.646350928281724,352.0662945332475,1374542.033315138,0.041756703501599955,323.02548899600686,1088.7488995232052,5.67844570739906,4287.801242416514,1.0612206190628628,0.08441517052093807,6.600675790110544,15253277.226497008,0.4594983952411568,0.5698557674920688,2.519852611306929,0.7025223583827122,807.3171903799192,0.04069500178579945,0
26 liver,152.4415286000371,243.77920594059336,-1.3816898627867629,5.44575101421214,2.0100511583871925,0.46025805287126986,1.0479462485046913,1.8326432733373903,0.8996162057697206,0.6022874364535101,0.5672290098813354,0.9959111010384931,0.9561082218688904,-0.07525707217104256,0.5335244517436439,0.4932288002565954,12.31188277069653,0.06342068635822198,4.6583202485585335,0.6280572328338879,0.12881894612520708,24.62376554139305,3.144170982481763,1.863950543149833,294203.7663014386,0.20779613537017766,2.3081793144439406,152.4001036932628,2.7428891540519773,418.2627642113484,0.01885372487590827,0.007070718289717746,3.795103059517877,793836.0689608438,0.5587032871870531,0.7032314094088761,0.7051762060187066,0.7747767872056281,117.9604822058953,0.005538375934016109,1
26 other organ,729.5566424477945,3065997.8681371333,22167.566162144598,1486.1515172488118,10.316208976099619,0.9862137465043149,1.3139501384344503,2.1079788169147244,8.511291063323092,0.7115154048163058,0.6841513009927324,0.998865974080262,0.9870383810716816,-0.5157371698166144,0.9924056337488416,0.2707888451007627,18.989397446885228,0.12437899796332784,6.100045965641945,0.9900176182990993,0.345512346283401,37.978794893770434,4.789126234157113,374.11693155622856,482423.87538915285,0.03705244742044074,301.17745599204176,1171.516558760217,70.5141623491877,2937.891813843344,67.57454136161209,0.05683935623333,6.458816928183219,7405078.11882478,0.5663163168550471,0.46703247812489046,65.8667187826493,0.7796655959517674,957.1120756923285,0.0236855867409305,0
27 liver,153.36781081895123,131.51410725164735,-5.045527806288314,3.19341403365969,0.8730274778129401,0.5703871371154778,0.6470926047157922,1.3796271961677307,0.4465611218677537,0.7107641992164472,0.698780772885187,0.9976030074983888,0.9681737304080446,-0.1367616727413436,0.6282871851706389,0.47913525738066504,12.360732277816568,0.11892610039950414,3.68165775468921,0.8443379166918905,0.22341447331692801,24.721464555633137,2.7596925152903067,1.0166103778681574,554853.128254672,0.26979458079160124,1.3273668204011217,152.83038896121553,5.197755402593938,798.4628239631347,0.03469732673048509,0.0068619512920966835,3.91582973972338,839754.3474223401,0.4036186538437635,0.5549106291331364,1.8509159350028566,0.6509084815514925,99.06404804035358,0.004528191374744827,1
27 other organ,771.4409070869708,3388378.3407947463,24223.840054540215,1552.9849360643773,6.8538231778072625,0.9912128773192119,1.0840614688066865,1.870109745927753,5.621589140242141,0.7104661814666032,0.6927455995491947,0.9995145748969025,0.9912595097945409,-0.5458086039978114,0.9952780738360878,0.3750743343972826,19.61906626017427,0.044414421764996145,6.294955640451245,0.9942355141853392,0.1296908027760405,39.238132520348515,5.174582910436457,389.95968981054625,1778167.6732769804,0.05881622730639045,392.0457139311342,953.383018479407,8.20116912923562,4262.023650662141,2.3017866606429487,0.1725609899820116,6.626958382112978,12317073.980889093,0.40339842751251465,0.5044706666917972,4.1123499836708195,0.6560994733149221,705.1402679917967,0.0804101903678026,0
28 liver,399.99051256873497,162.53689501436645,-4.686136549936465,3.83798148639898,1.265933453632716,0.502260817643136,0.7885583992624299,1.5661235314460349,0.6358859853222921,0.6698227740266349,0.6502676287036427,0.9982801054891028,0.9724038015750247,-0.10145996264656555,0.5714867501750063,0.49481204966319836,19.983679161265236,0.10302495004120377,3.9958977215700084,0.6342774914268082,0.22500653745640656,39.96735832253049,2.850122747021066,1.2759787350079241,285699.2994834337,0.24982306626462497,1.7946221734527417,398.2344737904787,3.9999651572918316,1601.611546259173,0.010094287475235822,0.0025654830275210856,3.834854055599519,540944.1795517826,0.4699510800193263,0.6153316811848056,1.3191037720071936,0.7091630802986477,281.56541730692646,0.0018334309434354023,1
28 other organ,688.0300881697882,3276017.047028182,27584.52796494677,1485.3976603535948,9.68277563294712,0.9870488753412937,1.1433026203924408,1.8954576225622592,8.31440641724749,0.7573563333160176,0.7365780308006316,0.9990392397681531,0.9893127963803157,-0.5511111582866741,0.9921796832900461,0.24192738262941813,17.863400585072245,0.16138711918420393,5.520470089336853,0.9904527028358733,0.39400641435017725,35.726801170144434,4.435780361586696,373.77010899663594,396482.0880176551,0.03995097155900311,299.9274010731656,1204.5990079878384,107.36677143463069,3831.0487727697982,103.33835124187841,0.06153568818189019,6.530495935205152,5260273.456968048,0.5274193805924139,0.39852217377933036,100.95091031724444,0.7532082762023291,946.3082070790487,0.02560710609613376,0
29 liver,151.00195859288678,68.22845352806627,3.0837040078089566,3.0813412103357845,0.6820910088278598,0.6371757304672526,0.5458822398259128,1.2622737712097136,0.37850663446094335,0.7478725663538377,0.7405291927702417,0.9979119850067302,0.9716215610002528,-0.18789231525985656,0.7031357608974012,0.443476608676106,12.263854418716019,0.14823825101477775,3.4511969983952246,0.7607975297835126,0.29807002313487146,24.52770883743204,2.704954025884134,0.9408580547909112,335875.47783822624,0.2780674744125575,1.3070546902039912,150.74496560805844,7.040539465951396,1058.0774537764717,0.047681221373548244,0.006886567986277448,4.1159682684806915,434770.6286797449,0.35494132095528974,0.4961102721862656,2.817746612037116,0.6057687325465726,91.0121742862185,0.004225943284449253,1
29 other organ,681.9094743156328,3847807.794979962,39650.558529949405,1496.6716996936052,7.455718719903165,0.9900874961731786,1.090933891869444,1.8727970742521989,6.206033797917802,0.7323440223740653,0.7146729166862648,0.9991563831868391,0.9890329710314868,-0.5578110093427531,0.9958845550394197,0.32406242382053524,17.595600864147368,0.04817229184356347,6.290062117041805,0.9924977720271765,0.12322039688388312,35.19120172829471,5.197726984357246,376.0318546033778,1213598.5842816164,0.04926903660780887,385.8155681736407,872.2500667714908,16.132729388493217,5127.413184607824,3.8749236699469525,0.1482417749231218,6.863165855552233,10307805.985788304,0.4150361980269677,0.4571306118269773,11.14320525706871,0.667661501370592,636.4455102602985,0.0698084167956451,0
30 liver,558.5584938938777,203.7009011560561,-7.455922331789688,5.046246351658413,1.9327839003750276,0.44524636056066513,1.0254951922998066,1.7979323169423203,0.8590762138478089,0.6071161910328609,0.5732723772115456,0.9985961759186873,0.9736094225164742,-0.0768473009316318,0.5156938754994005,0.4949855661478303,23.61736824145591,0.06167324576251328,4.619145703812352,0.6289012309204769,0.1234258505822207,47.234736482911835,3.144606939408495,1.7447575630083603,415758.9904723611,0.2080175739924551,2.2182657432415627,556.6664868968854,2.8198749488549337,1577.5224853909895,0.005099674901666452,0.0018301572552563105,3.7980451565095104,1096830.3956074321,0.5450393846853664,0.6956968269668464,0.7217397875911521,0.7640766033889697,424.4033913732536,0.0014053209927382393,1
30 other organ,935.7763979441316,2374363.2785618696,-12185.113691543567,1343.4461328760672,7.01662355210232,0.9896066945927704,1.236195782115907,2.043447932915787,5.4207324692625125,0.6548025927656795,0.6289315947620324,0.9991539665943612,0.9870319958321107,-0.4880018373908177,0.9925108083053799,0.41846179486041524,24.528931763682177,0.03113157242318249,6.619176813906938,0.9935047434192061,0.09352738623705327,49.05786352736432,5.2394257538004805,337.61568910704204,2284199.8406881187,0.05755490120692552,302.4775397591419,1083.608527673547,6.676614436706597,3391.5610279985067,3.2874611686807382,0.10803785424521063,6.215598207564141,19160345.444300182,0.4788227321342856,0.5929670600414375,3.7605036666878395,0.7165934076396214,833.2373300311402,0.05197397654190834,0
5 liver,437.2217250247487,301.1031397144332,-7.57553990346183,6.260456892818292,2.9056250008314946,0.36506738309121567,1.272895530903027,2.048749072854177,1.2664777491469483,0.5589021178929345,0.5122846494918507,0.9971930391028189,0.9628210840768646,-0.04859036781224536,0.44193531559304866,0.46839140994412004,20.889777630532787,0.048232540599277916,5.038953787970433,0.5119201469723277,0.10487874338601505,41.7795552610656,3.2663206798498488,2.291520473412446,303118.4814633422,0.18613616585499018,2.875440939728028,436.3802115494684,2.318428527096954,1012.9186369527445,0.005409506696507618,0.002359875220131744,3.793169727580446,999040.0224490565,0.6118285022493926,0.7479858378900951,0.5211526054205549,0.8098643743979086,353.0611477706744,0.0019198437539842293,1
5 other organ,796.1487100449461,2785651.522010446,9006.66311028847,1471.5879541245101,10.114089815153209,0.9863486249872128,1.3894261034005848,2.2166508499269106,8.118133904483061,0.6808112176059035,0.648341038453853,0.9989348832095306,0.9864862002917474,-0.4828290602252959,0.9902678154019011,0.28968630448145116,20.75523057482242,0.10476376436680078,6.257012026049653,0.9903019400782872,0.3159101296252137,41.51046114964481,4.822894977013146,370.4255109849156,505827.08817170036,0.043233945194682426,275.9382654360728,1192.027949375954,56.149921966869734,2696.1731869485106,53.8107372765644,0.05639480993480815,6.157550471591427,7011201.557345188,0.5972672917447747,0.5148132456458998,52.34191462544282,0.8001079067448601,989.0367336608953,0.02773469859758791,0
6 liver,341.32353448214513,225.19544747688087,-12.963028274348884,4.484779569983332,1.478380288573322,0.4998667372771241,0.8463097795280574,1.6305396216237122,0.7496225105393468,0.6556565642056096,0.6333714336475474,0.9978441102517841,0.9694481925131961,-0.09923030340835316,0.5662382609143702,0.49773489322849657,18.45458498605299,0.09076858171583319,4.157702782679144,0.5908251333998167,0.16252871234116353,36.90916997210598,2.9433582144480517,1.4907899646391636,381887.0705478089,0.23906997455573264,2.2010569065646695,338.5388952709986,3.6189888467128686,1240.0361883560533,0.010738058869612486,0.0030556473031419585,3.8592877616021415,776803.3265640541,0.4825330686553311,0.6352124617704988,1.0941142543672155,0.7178440552641846,241.61910977011686,0.002223575288326834,1
6 other organ,1119.7859804932361,3608166.9241258926,26279.409493950618,1527.01674981175,9.531658765356237,0.9875939339067893,1.3887061208456681,2.13696594133072,7.508266120125883,0.6574948429573773,0.632537258384369,0.9991197389757274,0.9873176072867835,-0.5088759229847359,0.9956479888092473,0.3988993009600381,27.21054149522342,0.02666845001953119,7.0698855985428155,0.9904018783107836,0.09764261297757729,54.42108299044686,5.644584703948512,384.1371021442761,507647.1255584182,0.04239087585010902,389.29647852322483,1327.66055731868,5.542837914742441,4319.288671247237,0.04538304481685613,0.005317812309633614,6.671967496992455,5764219.389044151,0.4771333548421182,0.5816385888870208,2.501852108308443,0.7157729359661871,1033.8931992851333,0.003265253641707585,0
8 liver,269.36172127280736,95.04168393807065,-4.942490960080358,3.603491453619873,1.7082694309108792,0.3555874998333167,0.9569941461378916,1.7402565691662049,0.7808431737552565,0.6234534209436298,0.5936188189457808,0.9976773569151878,0.9667195830924687,-0.053344847840304514,0.42651508822864126,0.4983514573146533,16.39779797991918,0.078292690036952,4.293239805147902,0.6877407106372828,0.13792098926141383,32.795595959838366,2.894679335028002,1.327940221132688,300199.9657027489,0.23371311467777822,1.707711835203265,268.57002454542715,3.0211149563366537,815.2254056646309,0.011390153865558845,0.0038324862906082306,3.6643980867258104,688677.3803404903,0.5336236113742487,0.6797391824392024,0.8349598496690139,0.7570408306686284,202.92868775825343,0.0029201386292113866,1
8 other organ,691.7711651708188,3257056.529563372,28201.922482835656,1474.1631546516207,10.792415753065626,0.9854655732089359,1.3080637606317842,2.080894084839906,9.0114602014213,0.7206886373061258,0.6947714925867582,0.9988402925557323,0.9872686424619288,-0.515578655276863,0.9917953208675959,0.26306206668701304,18.053475665813213,0.12631051207743973,5.9820672817796146,0.9889304965919425,0.3469552620732777,36.10695133162647,4.717893419259961,371.238892601172,532804.4170483154,0.038837651683927873,318.92801158742134,1133.9843961699032,71.42824176664354,3000.044312478996,67.95599052096502,0.06425067080567896,6.449096194132897,7698015.287999777,0.5589552323466076,0.4517828806002522,66.46339211261021,0.7748081899252922,922.1185164713453,0.028547958714281903,0
